question,expected,predicted,strategy,model,latency_ms,bleu,rouge1,rouge2,rougeL,judge_score,judge_reason,judge_correct
Solve for $x$:$$\left(\frac{1}{25}\right)^{x + 2} = 125^{-x}.$$,D,"We are given the equation
$$\left(\frac{1}{25}\right)^{x + 2} = 125^{-x}.$$
We can rewrite both sides of the equation with the same base. Since $25 = 5^2$ and $125 = 5^3$, we have $\frac{1}{25} = 5^{-2}$. Thus, the equation becomes
$$(5^{-2})^{x + 2} = (5^3)^{-x}.$$
Using the property $(a^b)^c = a^{bc}$, we have
$$5^{-2(x + 2)} = 5^{-3x}.$$
Since the bases are equal, the exponents must be equal. Therefore,
$$-2(x + 2) = -3x.$$
Expanding the left side, we get
$$-2x - 4 = -3x.$$
Adding $3x$ to both sides, we have
$$-2x - 4 + 3x = -3x + 3x,$$
$$x - 4 = 0.$$
Adding 4 to both sides, we get
$$x = 4.$$
Now we check our answer:
$$\left(\frac{1}{25}\right)^{4 + 2} = \left(\frac{1}{25}\right)^6 = (5^{-2})^6 = 5^{-12}.$$
$$125^{-4} = (5^3)^{-4} = 5^{-12}.$$
Since both sides are equal, our solution is correct.

Therefore, the answer is: 4",chain_of_thought,gemma3:27b-cloud,22906.0,0,0.0,0.0,0.0,5,"The solution is fully correct and complete. It correctly rewrites the equation with a common base, sets the exponents equal, solves for x, and verifies the solution. The steps are clear and logical.",True
"Let f(x) be a function whose graph passes through the origin. If f(2n) = n^2 + f[2(n - 1)] for every integer n, what is the value of f(8)?",B,"We are given that $f(x)$ is a function whose graph passes through the origin, which means $f(0) = 0$. We are also given the recursive relation $f(2n) = n^2 + f[2(n - 1)]$ for every integer $n$. We want to find $f(8)$.

We can use the given recursive relation to find $f(8)$.
For $n = 1$, $f(2(1)) = f(2) = 1^2 + f[2(1 - 1)] = 1^2 + f(0) = 1 + 0 = 1$.
For $n = 2$, $f(2(2)) = f(4) = 2^2 + f[2(2 - 1)] = 4 + f(2) = 4 + 1 = 5$.
For $n = 3$, $f(2(3)) = f(6) = 3^2 + f[2(3 - 1)] = 9 + f(4) = 9 + 5 = 14$.
For $n = 4$, $f(2(4)) = f(8) = 4^2 + f[2(4 - 1)] = 16 + f(6) = 16 + 14 = 30$.

Therefore, $f(8) = 30$.

Final Answer: The final answer is $\boxed{30}$
Therefore, the answer is: 30",chain_of_thought,gemma3:27b-cloud,23484.0,0,0.0,0.0,0.0,5,"The solution correctly uses the given recursive formula to compute f(8) step-by-step, starting from f(0) = 0. The calculations are accurate and the logic is clear. The final answer is correct.",True
"Statement 1 | A factor group of a non-Abelian group is non-Abelian. Statement 2 | If K is a normal subgroup of H and H is a normal subgroup of G, then K is a normal subgroup of G.",B,"Let's analyze each statement separately.

Statement 1: A factor group of a non-Abelian group is non-Abelian.
This statement is false. A factor group (also called quotient group) is formed by dividing a group G by a normal subgroup N, denoted as G/N. It is possible for a non-Abelian group to have an Abelian factor group.
For example, consider the group $S_3$, the symmetric group on 3 elements. $S_3$ is non-Abelian. Let $N = \{e, (12)\}$. Then $N$ is a normal subgroup of $S_3$. The factor group $S_3/N$ is isomorphic to $Z_2$, which is Abelian.
Therefore, Statement 1 is false.

Statement 2: If K is a normal subgroup of H and H is a normal subgroup of G, then K is a normal subgroup of G.
This statement is true. Let K be a normal subgroup of H, and H be a normal subgroup of G. We want to show that K is a normal subgroup of G.
Let g be an element of G, and k be an element of K. We need to show that $gkg^{-1}$ is in K.
Since K is normal in H, $hkh^{-1} \in K$ for all $h \in H$ and $k \in K$.
Since H is normal in G, $ghg^{-1} \in H$ for all $g \in G$ and $h \in H$.
Now, consider $gkg^{-1}$. Since $k \in K$ and $K \subseteq H$, we have $k \in H$.
Then $gkg^{-1} = (ghg^{-1})k(ghg^{-1})^{-1}$. Since $ghg^{-1} \in H$, and K is normal in H, we have $(ghg^{-1})k(ghg^{-1})^{-1} \in K$.
Thus, $gkg^{-1} \in K$. Therefore, K is a normal subgroup of G.

So, Statement 1 is false and Statement 2 is true.

Therefore, the answer is: D",chain_of_thought,gemma3:27b-cloud,30391.0,0,0.0,0.0,0.0,5,"The model answer provides a clear and correct analysis of both statements. It correctly identifies Statement 1 as false with a good counterexample ($S_3$ and its subgroup). It also correctly identifies Statement 2 as true and provides a valid proof. The final answer 'D' (False, True) is also correct. The explanation is well-structured and easy to follow.",True
Mill claims that one of the strongest objections to utilitarianism is drawn from the idea of:,B,"Mill, in his work *Utilitarianism*, directly addresses and attempts to refute objections to the theory. A key concern raised against utilitarianism is that it can sometimes justify actions that seem intuitively unjust. For example, a utilitarian calculation might, in certain scenarios, permit punishing an innocent person if doing so would maximize overall happiness (e.g., by preventing a riot). Mill dedicates a significant portion of his book to explaining how utilitarianism is compatible with justice, arguing that justice itself is a product of utility – it's something that promotes general happiness and security. He argues that rules protecting individual rights arise because respecting those rights generally leads to the greatest good for the greatest number.

Duty, while important in other ethical systems (like Kantianism), isn't the *strongest* objection Mill focuses on. Virtue is related to character, and while utilitarianism has implications for character, it's not the primary objection Mill tackles. Supererogation (actions beyond the call of duty) is a more nuanced objection, but Mill's primary concern is addressing the more fundamental and impactful criticism related to fairness and just treatment.

Therefore, the answer is: B",chain_of_thought,gemma3:27b-cloud,19047.0,0.001,0.0106,0.0,0.0106,5,"The model answer demonstrates a strong understanding of Mill's response to objections to utilitarianism. It correctly identifies the core objection related to justice and potential conflicts with intuitive fairness, and accurately explains Mill's attempt to reconcile utilitarianism with principles of justice by grounding justice in utility itself. The explanation of why other options (duty, virtue, supererogation) are not the *strongest* objection is also well-reasoned and accurate. The answer is complete and provides sufficient context.",True
"A student is experimenting with a simple spring-block oscillator of spring constant k and amplitude A. The block attached to the spring has a mass of m. If the student places a small block of mass m on top of the original block, which of the following is true?",A,"Here's a step-by-step breakdown to determine the correct answer:

1. **Understanding the Scenario:** We have a spring-mass system oscillating. A smaller mass is placed on top of the oscillating mass. We need to figure out when the small mass is most likely to slide off and the condition for it *not* to slide off.

2. **Forces Involved:** The small mass experiences a force due to the motion of the larger mass. This force is greatest when the acceleration of the larger mass is greatest. The force preventing the small mass from sliding is static friction.

3. **Maximum Acceleration:** The acceleration of the original block (and therefore the small block) is maximum at the points of maximum displacement from equilibrium. This is where the restoring force of the spring is greatest (F = -kx).  The acceleration is given by a = -ω²x, where ω² = k/m.  So, the maximum acceleration is a_max = ω²A = (k/m)A.

4. **Friction Requirement:** For the small mass not to slide, the static friction force must be greater than or equal to the force causing it to slide. The maximum force causing the small mass to slide is  F_max = m * a_max = m * (k/m) * A = kA.  The static friction force is given by f_s = μ_s * N, where μ_s is the coefficient of static friction and N is the normal force. In this case, the normal force is the weight of the small mass, which is mg.  However, the total mass oscillating is (M+m), so the normal force is actually (M+m)g.

5. **Condition for No Sliding:**  Therefore, for the small block not to slide, we need μ_s * (M+m)g ≥ kA.  This means μ_s ≥ kA/[(M+m)g].

6. **Equilibrium Position:** At the equilibrium position, the acceleration is zero. Therefore, there is no force tending to cause the small block to slide.

7. **Conclusion:** The small block is most likely to slide off when the original block is at maximum displacement. The condition for it not to slide off is that the coefficient of static friction is greater than kA/[(M+m)g].

Therefore, the answer is: A",chain_of_thought,gemma3:27b-cloud,32406.0,0.0005,0.0056,0.0,0.0056,5,"The model answer provides a comprehensive and accurate step-by-step explanation of the physics involved. It correctly identifies the key concepts (forces, acceleration, friction), derives the relevant equations, and arrives at the correct condition for the small block not to slide. The explanation is clear, logical, and well-structured. It also correctly identifies where the maximum acceleration occurs and thus the greatest risk of sliding.",True
The auditory tube,C,"Let's analyze each option regarding the auditory tube (also known as the Eustachian tube):

*   **A) connects the inner ear and nasopharynx.** This is partially correct. The auditory tube connects the *middle* ear, not the inner ear, to the nasopharynx. The inner ear is deeper and connected via the ossicles.

*   **B) is derived from the second pharyngeal pouch.** This is correct. During embryonic development, the auditory tube originates from the second pharyngeal pouch.

*   **C) is opened by the action of levator veli palatini.** This is correct. The levator veli palatini muscle elevates the soft palate, which widens the auditory tube opening.

*   **D) is closed by the action of tensor veli palatini.** This is also correct. The tensor veli palatini muscle pulls the soft palate medially and inferiorly, helping to close the auditory tube.

Since multiple options are correct, we need to determine the *most* accurate and fundamental statement about the auditory tube. While the muscles (C and D) are important for its function, its developmental origin (B) is a foundational piece of information. The connection to the nasopharynx (A) is correct but less defining than its origin.

Considering the options, the most fundamental and defining characteristic of the auditory tube is its embryological origin.

Therefore, the answer is: B",chain_of_thought,gemma3:27b-cloud,16657.0,0,0.0095,0.0,0.0095,4,"The model answer demonstrates a good understanding of the auditory tube and correctly identifies multiple correct options (B, C, and D). The reasoning for choosing B as the *most* correct is logical, focusing on the foundational importance of embryological origin. However, the initial statement that A is 'partially correct' is slightly misleading; it's incorrect to state it connects the *inner* ear. A more precise phrasing would be that it's simply incorrect. While the explanation is thorough, the slight inaccuracy in describing option A prevents a full score of 5.",False
Which of the following countries generated the most total energy from solar sources in 2019?,A,"Here's how we can approach this question:

1. **Recall general knowledge:** Solar energy has been growing rapidly, and several countries have invested heavily in it. China is known for its massive investments in renewable energy, including solar. The United States and Germany are also significant players. Japan has also been increasing its solar capacity, but generally at a slower pace than China, the US, or Germany.

2. **Consider relative scale:** China's overall energy consumption is enormous, and its solar capacity has grown at a very fast rate. While the US has a large installed solar capacity, China's recent growth has likely surpassed it. Germany was an early leader in solar, but its overall energy needs are smaller than China or the US. Japan's solar adoption has been steady, but not as dominant as in the other three countries.

3. **Recent data (2019):** According to data from the International Energy Agency (IEA) and other sources, China was the world leader in solar energy generation in 2019. The US was second, followed by Germany and then Japan.

Therefore, the answer is: A) China",chain_of_thought,gemma3:27b-cloud,16250.0,0.001,0.0108,0.0,0.0108,5,"The model answer provides a clear and logical reasoning process to arrive at the correct answer (China). It demonstrates relevant general knowledge, considers the scale of energy consumption, and references data from reliable sources (IEA). The explanation is well-structured and easy to follow. It correctly identifies China as the leading solar energy generator in 2019.",True
Which of the following conditions is characterized by the presence of kidney stones (renal calculi)?,C,"Let's analyze each option:

*   **A) Glomerulonephritis:** This is inflammation of the glomeruli, the filtering units of the kidney. It doesn't directly involve stone formation.
*   **B) Interstitial nephritis:** This involves inflammation of the kidney tubules and surrounding structures. While it can lead to kidney damage, it's not primarily defined by kidney stones.
*   **C) Nephrolithiasis:** This term literally means ""kidney stone disease."" *Nephro-* refers to the kidney, and *-lithiasis* refers to the formation of stones. This is the direct medical term for the condition of having kidney stones (renal calculi).
*   **D) Polycystic kidney disease:** This is a genetic disorder characterized by the growth of numerous cysts in the kidneys. While cysts can cause complications, it's not the same as having mineral-based stones.

Therefore, the condition directly characterized by the presence of kidney stones is nephrolithiasis.

Therefore, the answer is: C",chain_of_thought,gemma3:27b-cloud,14531.0,0.0013,0.0139,0.0,0.0139,5,"The model answer is fully correct and complete. It accurately identifies nephrolithiasis as the condition characterized by kidney stones. The explanation for why the other options are incorrect is clear, concise, and medically accurate. The breakdown of the term 'nephrolithiasis' is helpful and demonstrates understanding.",True
The Krebs cycle in humans occurs in the,A,"The Krebs cycle (also known as the citric acid cycle) is a series of chemical reactions that extract energy from molecules, releasing carbon dioxide and producing high-energy electron carriers. To understand where it occurs, we need to consider the structure of the mitochondria.

Mitochondria have two membranes: an outer membrane and an inner membrane. The space between these membranes is the intermembrane space. The space enclosed by the inner membrane is called the mitochondrial matrix.

The enzymes required for the Krebs cycle are located in the mitochondrial matrix. This is because the cycle involves a series of biochemical reactions that need a specific environment, and the matrix provides that environment. The inner mitochondrial membrane is primarily involved in the electron transport chain and oxidative phosphorylation. The outer mitochondrial membrane and intermembrane space are not directly involved in the Krebs cycle.

Therefore, the answer is: A) mitochondrial matrix",chain_of_thought,gemma3:27b-cloud,12140.0,0.0012,0.0134,0.0,0.0134,5,"The model answer is fully correct and complete. It not only identifies the correct location (mitochondrial matrix) but also provides a thorough explanation of why, detailing the structure of the mitochondria and the role of the matrix in facilitating the Krebs cycle. The explanation is clear, concise, and accurate.",True
"Umi created the number pattern that follows by adding the same amount each time to get the next number. 20, 40, 60, 80, ... What will be the eighth number in the pattern?",A,"The given pattern is 20, 40, 60, 80, ...
We can see that the difference between consecutive terms is constant:
40 - 20 = 20
60 - 40 = 20
80 - 60 = 20
So, the pattern is an arithmetic progression with the first term a = 20 and the common difference d = 20.
The nth term of an arithmetic progression is given by the formula:
an = a + (n-1)d
We want to find the eighth number in the pattern, so we need to find a8.
a8 = a + (8-1)d
a8 = 20 + (7)(20)
a8 = 20 + 140
a8 = 160

Therefore, the eighth number in the pattern is 160.

Therefore, the answer is: 160",chain_of_thought,gemma3:27b-cloud,15219.0,0.0015,0.0183,0.0,0.0183,5,"The model answer is fully correct and complete. It correctly identifies the arithmetic progression, calculates the common difference, applies the formula for the nth term of an arithmetic progression, and arrives at the correct eighth number in the sequence (160). The explanation is clear, logical, and well-structured.",True
Statement 1 | Q is an extension field of Z_2. Statement 2 | Every non-constant polynomial over a field has a zero in some extension field.,D,"Let's analyze each statement separately.

Statement 1: Q is an extension field of Z_2.
Z_2 is the field with two elements, {0, 1}. An extension field of Z_2 is a field containing Z_2 as a subfield. The field of rational numbers Q contains Z_2 as a subfield, since we can map 0 to 0 and 1 to 1. Thus, Q can be considered an extension field of Z_2. Therefore, statement 1 is true.

Statement 2: Every non-constant polynomial over a field has a zero in some extension field.
This statement is a consequence of the fact that fields are algebraically closed if and only if they are finite. If a field is not algebraically closed, then there exists a polynomial with no roots in the field. In this case, we can extend the field to include the roots of the polynomial. This is a fundamental result in field theory. Specifically, this is related to the concept of splitting fields. A splitting field for a polynomial is an extension field where the polynomial factors completely into linear factors. Therefore, statement 2 is true.

Since both statements are true, the correct answer is A.

Therefore, the answer is: A",chain_of_thought,gemma3:27b-cloud,19812.0,0,0.0,0.0,0.0,4,"The analysis of both statements is correct and well-explained. However, the final answer given (A) is incorrect given the provided options (A, B, C, D). The reference answer is D, implying both statements are false, or one is true and one is false. Since the model correctly identifies both statements as true, it should have selected a response indicating this (if such an option existed). The logic is sound, but the final answer selection is a critical error. It seems the model assumed the options were 'both true', 'both false', 'statement 1 true, statement 2 false', 'statement 1 false, statement 2 true' and chose 'both true'.",False
The principal effect of the current concern co improve the employment opportunities of the educationally or socially disadvantaged has been to encourage the use in employment testing of,D,"Let's analyze the question. The core issue is improving employment opportunities for disadvantaged groups. This implies a need for fair and unbiased assessment methods. We need to determine which type of employment testing would best address this concern.

*   **A) untimed tests of a wide variety of abilities:** While removing time pressure can benefit some disadvantaged individuals, simply testing a wide variety of abilities doesn't necessarily address inherent biases in the *content* of the tests.
*   **B) norm-referenced tests:** Norm-referenced tests compare individuals to each other. This can inherently disadvantage groups that, due to systemic inequalities, have had less opportunity to develop the skills being tested. They reinforce existing disparities rather than improving opportunities.
*   **C) multiple aptitude batteries:** These tests assess a range of aptitudes, but like norm-referenced tests, they can still be biased against those lacking prior educational or social advantages. They don't necessarily focus on *actual* job performance.
*   **D) work-sample types of tests:** Work-sample tests directly assess a candidate's ability to perform tasks required for the job. This is the most job-relevant and least reliant on prior educational or social advantages. They focus on demonstrated skills rather than predicted potential, making them fairer for disadvantaged groups.

Therefore, the answer is: D",chain_of_thought,gemma3:27b-cloud,17094.0,0.0009,0.0094,0.0,0.0094,5,"The model answer provides a thorough and logical analysis of each option, correctly identifying why work-sample tests (D) are the most suitable for improving employment opportunities for disadvantaged groups. The reasoning is clear, well-structured, and directly addresses the core issue of fairness and unbiased assessment. It effectively explains why the other options are less ideal or potentially problematic.",True
"When the following equation is balanced, which of the following is true?
__ MnO4− + __ I− + __ H+ <-> __ Mn2+ + __ IO3− + __ H2O",B,"Let's balance the redox reaction:

MnO4− + I− + H+ <-> Mn2+ + IO3− + H2O

1. **Separate into half-reactions:**

Oxidation: I− -> IO3−
Reduction: MnO4− -> Mn2+

2. **Balance the atoms (except O and H) in each half-reaction:**

Oxidation: I− -> IO3−  (I is already balanced)
Reduction: MnO4− -> Mn2+ (Mn is already balanced)

3. **Balance the oxygen atoms by adding H2O:**

Oxidation: I− + 3H2O -> IO3−
Reduction: MnO4− -> Mn2+ + 4H2O

4. **Balance the hydrogen atoms by adding H+:**

Oxidation: I− + 3H2O -> IO3− + 6H+
Reduction: MnO4− + 8H+ -> Mn2+ + 4H2O

5. **Balance the charge by adding electrons:**

Oxidation: I− + 3H2O -> IO3− + 6H+ + 5e−
Reduction: MnO4− + 8H+ + 5e− -> Mn2+ + 4H2O

6. **Multiply each half-reaction by a factor to make the number of electrons equal:**

Since the number of electrons are already equal, no multiplication is needed.

7. **Add the half-reactions together and simplify:**

I− + 3H2O -> IO3− + 6H+ + 5e−
MnO4− + 8H+ + 5e− -> Mn2+ + 4H2O

Adding them gives:

MnO4− + I− + 2H+ -> Mn2+ + IO3− + H2O

Now, let's check the choices:

A) The I− : IO3− ratio is 3:1.  In the balanced equation, the ratio is 1:1. Incorrect.
B) The MnO4- : I- ratio is 6:5. In the balanced equation, the ratio is 1:1. Incorrect.
C) The MnO4- : Mn2+ ratio is 3:1. In the balanced equation, the ratio is 1:1. Incorrect.
D) The H+ : I− ratio is 2:1. In the balanced equation, the ratio is 2:1. Correct.

Therefore, the answer is: D",chain_of_thought,gemma3:27b-cloud,40578.0,0,0.0083,0.0,0.0083,4,"The balancing of the half-reactions is generally correct, but there's an error in the final addition and simplification step. The correct balanced equation is: MnO4− + I− + 2H+ -> Mn2+ + IO3− + H2O. The model answer incorrectly states the final balanced equation as MnO4− + I− + 2H+ -> Mn2+ + IO3− + H2O.  The subsequent analysis of the ratios based on this incorrect equation leads to an incorrect conclusion. The correct answer is D, but the reasoning is flawed due to the initial error in balancing. The model correctly identifies the need to balance the equation using half-reactions and follows the correct steps initially.",False
"A company has income after tax of $5.4 million, interest expense of $1 million for the year, depreciation expense of $1 million, and a 40% tax rate. What is the company’s times-interest-earned ratio?",D,"Here's how to solve this problem step-by-step:

1. **Calculate Earnings Before Interest and Taxes (EBIT):**  We know net income after tax is $5.4 million.  We also know the tax rate is 40%.  Therefore, income before tax is $5.4 million / (1 - 0.40) = $5.4 million / 0.60 = $9 million.

2. **Calculate EBIT:**  EBIT is income before tax plus interest expense. So, EBIT = $9 million + $1 million = $10 million.

3. **Calculate the Times-Interest-Earned Ratio:** The times-interest-earned ratio is EBIT divided by interest expense.  Therefore, the ratio is $10 million / $1 million = 10.

Therefore, the answer is: D",chain_of_thought,gemma3:27b-cloud,13531.0,0.0018,0.0189,0.0,0.0189,5,"The model answer provides a clear, step-by-step calculation of the times-interest-earned ratio, correctly identifying and applying the necessary formulas. It accurately calculates EBIT and then the ratio itself. The explanation is easy to follow and arrives at the correct answer.",True
"A state legislature has recently enacted an obscenity statute prohibiting ""the selling or offering for sale of any obscene printed or video materials. "" Following numerous complaints from a local citizens' group, the police entered an adult bookstore, examined materials on the shelves, and purchased magazines that depicted actual pictures of sexual intercourse. The owner was subsequently arrested and charged with violating the state obscenity law. At his trial, the owner's defense was that the sale of the materials complained of was constitutionally protected speech. Which of the following, if established, would be most helpful to the owner's defense?",B,"Here's a step-by-step breakdown of the problem and the reasoning to find the best answer:

1. **Identify the Core Legal Issue:** The case revolves around whether the sale of sexually explicit materials is protected speech under the First Amendment, despite a state law prohibiting ""obscene"" materials.  The key is determining if the materials fall within the legal definition of obscenity, which is *not* protected.

2. **Understand Obscenity Standards:**  U.S. obscenity law (established in *Miller v. California*) requires a three-part test:
   *   The material must appeal to a prurient interest in sex.
   *   It must depict or describe sexual conduct in a patently offensive way.
   *   It must lack serious literary, artistic, political, or scientific value.

3. **Analyze Each Answer Choice:**
   *   **A) The particular materials involved depicted normal, not deviant, sexual conduct.** While this *might* be relevant, it doesn't directly address the legal test for obscenity. ""Normal"" sexual conduct can still be patently offensive and lack serious value.
   *   **B) The particular materials involved consisted of serious scientific studies of human sexual urges.** This is *very* strong. If the materials have serious scientific value, they fail the third prong of the *Miller* test and are therefore *not* legally obscene. This directly supports the owner's defense.
   *   **C) The police did not have a search warrant when they entered the bookstore to purchase the particular materials involved in this obscenity prosecution.** This raises a Fourth Amendment issue (illegal search and seizure). While important, it doesn't address whether the *materials themselves* are obscene.  Even if the evidence was obtained illegally, the state could potentially find other evidence.
   *   **D) 85% of the citizens of the state believe that the sale of sexually explicit material does not contribute to antisocial sexual behavior.** Public opinion is irrelevant to the legal definition of obscenity. The law is based on objective standards, not popular belief.

4. **Determine the Most Helpful Answer:** Choice B is the most directly helpful to the owner's defense. Establishing that the materials have scientific value undermines the core argument for obscenity.

Therefore, the answer is: B",chain_of_thought,gemma3:27b-cloud,29297.0,0.0005,0.0058,0.0,0.0058,5,"The model answer provides a thorough and accurate analysis of the legal issue, the relevant obscenity standards (Miller test), and a detailed explanation of why answer choice B is the most helpful to the owner's defense. It correctly dismisses the other options with clear reasoning. The step-by-step breakdown is well-organized and easy to follow. The answer is fully correct and complete.",True
"Some of Mars'water is frozen in the soil and the ice caps and some was lost due to solar wind stripping but much of the original water is thought to have been lost through another mechanism. What happened to this ""lost""water?",B,"Okay, let's analyze the question and the choices. The question asks about the primary mechanism for the loss of a significant amount of Mars' original water, beyond freezing and solar wind stripping.

*   **A) it was stripped away by the magnetic field when it rapidly decreased in strength:** While the loss of Mars' magnetic field *contributed* to water loss, it wasn't the primary mechanism for losing *much* of the original water. The magnetic field's decline allowed solar wind to reach the atmosphere more easily, but this is already accounted for in the question.

*   **B) it was broken into hydrogen and oxygen by ultraviolet light and the hydrogen was lost through thermal escape:** This is a strong contender. Ultraviolet (UV) light from the sun can break water molecules (H2O) into hydrogen (H) and oxygen (O). Hydrogen is very light and can easily escape Mars' gravity, especially in the upper atmosphere (thermal escape). Oxygen is heavier and less likely to escape.

*   **C) it was consumed by a civilization of thirsty Martians:** This is a fanciful and unsupported idea. There's no evidence of past or present Martian civilizations.

*   **D) it was vaporized during a period of intense volcanism and was lost to space through thermal escape:** While volcanism did occur on Mars, it's unlikely to have accounted for the *majority* of water loss. Volcanic outgassing would have released water vapor, but the primary loss mechanism would still need to explain how that vapor escaped the planet's gravity.

Considering the scientific understanding of Mars' atmospheric evolution, the most plausible explanation is the breakdown of water molecules by UV light and the subsequent loss of hydrogen. This process is well-supported by observations and modeling.

Therefore, the answer is: B",chain_of_thought,gemma3:27b-cloud,23000.0,0.0006,0.0069,0.0,0.0069,5,"The model answer provides a thorough and accurate explanation of why option B is the correct answer. It correctly identifies the process of photolysis by UV light and subsequent hydrogen escape as the primary mechanism for water loss on Mars. It also effectively explains why the other options are less likely or incorrect, demonstrating a strong understanding of the relevant scientific concepts. The reasoning is clear, concise, and well-supported.",True
"According to Paley, we must conclude that a watch had an intelligent designer if the watch _____.",A,"Paley's watchmaker analogy is a classic argument for the existence of God. The core of the argument revolves around the complexity and apparent design of natural objects. Paley argued that if you found a watch, even if you didn't know how watches were made, you would immediately infer that it had a designer. This inference isn't based on *how* well it runs (though that's a consequence of good design), or superficial features like engravings. It's based on the intricate *structure* and the *purposefulness* of that structure. The parts all fit together in a specific way to achieve a specific end – telling time. This purposefulness implies intentionality, and intentionality implies a designer. While a structure is necessary, it's the *purpose* that truly points to a designer.

Therefore, the answer is: A",chain_of_thought,gemma3:27b-cloud,10672.0,0.0014,0.0146,0.0,0.0146,5,"The model answer demonstrates a thorough understanding of Paley's watchmaker analogy. It correctly identifies that the inference of a designer isn't based on the watch's performance but on its complex, purposeful structure. It accurately explains the core argument – the intricate arrangement of parts for a specific function implies intentionality and thus a designer. The answer directly addresses the question's underlying principle and logically arrives at the correct conclusion (which is indicated as 'A', though the question itself isn't provided here, the explanation makes it clear the answer aligns with the core of Paley's argument).",True
"Let A and B be two sets of words (strings) from Σ*, for some alphabet of symbols Σ. Suppose that B is a subset of A. Which of the following statements must always be true of A and B ?
I. If A is finite, then B is finite.
II. If A is regular, then B is regular.
III. If A is context-free, then B is context-free.",A,"Let's analyze each statement:

I. If A is finite, then B is finite.
Since B is a subset of A, every element in B is also in A. If A is finite, it has a limited number of elements. Since B contains only elements from A, and A has a limited number of elements, B must also have a limited number of elements. Thus, B is finite. This statement is true.

II. If A is regular, then B is regular.
Regular languages are closed under the subset operation. This means that if A is regular, then any subset of A, including B, is also regular. This statement is true.

III. If A is context-free, then B is context-free.
Context-free languages are not closed under the subset operation. Consider the context-free language A = {a^n b^n | n >= 0} ∪ {a^n c^n | n >= 0}. This language is context-free. Let B = {a^n b^n | n >= 0}. B is a subset of A, and B is context-free. However, consider A = {a^n b^n | n >= 0} ∪ {a^n c^n | n >= 0} and B = {a^n c^n | n >= 0}. B is a subset of A, and B is context-free. But if we consider A = {w | w is a palindrome} which is context-free, and B = {w | w is a palindrome and w contains only 'a's}, then B is context-free. However, if A is context-free and B is a subset of A, it doesn't *always* mean B is context-free. For example, let A = {a^n b^n | n >= 0} ∪ {a^n c^n | n >= 0}. B = {a^n b^n | n >= 0}. A and B are context-free. But if A = {a^n b^n | n >= 0} ∪ {a^n c^n | n >= 0} and B = {a^n c^n | n >= 0}, then B is context-free. However, if A = {a^n b^n c^n | n >= 0} which is context-free, and B = {a^n b^n c^n | n is even}, then B is not context-free. So, this statement is not necessarily true.

Since statements I and II are always true, the correct answer is I and II only.

Therefore, the answer is: D",chain_of_thought,gemma3:27b-cloud,39453.0,0.0005,0.0053,0.0,0.0053,4,"The analysis of statements I and II is perfectly correct. The analysis of statement III is also correct in identifying that context-free languages are not closed under subset operations, and provides good examples. However, the final conclusion stating the answer is 'D' is incorrect. The question asks which statements *must* always be true. Since I and II are always true, the correct answer should be 'I and II only', which isn't one of the provided options (A, B, C, D). The model correctly identifies the true statements but fails to select the correct answer based on the question's constraints. It seems to assume there *must* be a single letter answer choice.",False
Which of the following best describes the fallacy of question begging epithets?,B,"Let's break down the question and the choices. We're looking for the best description of the ""fallacy of question begging epithets.""

*   **Question begging** generally means assuming the conclusion in the premise. It's a circular argument.
*   **Epithet** is a descriptive word or phrase used to characterize a person or thing.

So, ""question begging epithets"" would involve using a descriptive term that *already assumes* the thing being argued. This is a form of loaded language.

Now let's look at the choices:

*   **A) Treating something that exists in the mind as if it was a real object.** This describes a fallacy of reification, not question begging.
*   **B) A form of loaded language that uses an emotionally charged restatement of the claim, often in the form of name calling, in place of support for the claim.** This fits perfectly. Using a loaded term *is* restating the claim in a way that assumes its truth, and it often relies on emotional impact rather than evidence. For example, calling someone a ""radical extremist"" instead of explaining their views begs the question of whether their views are actually harmful.
*   **C) Changing the meaning of a word or phrase from one part of the argument to another.** This describes the fallacy of equivocation.
*   **D) Reasoning that ideas presented in an appealing manner are correct, regardless of the content of the message.** This describes the appeal to emotion fallacy.

Therefore, the answer is: B",chain_of_thought,gemma3:27b-cloud,21610.0,0.0007,0.0083,0.0,0.0083,5,"The model answer provides a clear and accurate explanation of the fallacy of question begging epithets. It correctly defines both 'question begging' and 'epithet', then synthesizes those definitions to explain how the fallacy works. The breakdown of why each answer choice is incorrect is also well-reasoned and demonstrates a strong understanding of related logical fallacies. The example provided further clarifies the concept. The answer is fully correct and complete.",True
The shortest distance from the curve xy = 8 to the origin is,A,"Let the curve be given by $xy = 8$, or $y = \frac{8}{x}$.
We want to find the shortest distance from the origin $(0,0)$ to a point $(x,y)$ on the curve.
The distance from the origin to a point $(x,y)$ on the curve is given by $d = \sqrt{x^2 + y^2}$.
Since $y = \frac{8}{x}$, we can write the distance as $d = \sqrt{x^2 + (\frac{8}{x})^2} = \sqrt{x^2 + \frac{64}{x^2}}$.
To minimize the distance, we can minimize the square of the distance, $d^2 = x^2 + \frac{64}{x^2}$.
Let $f(x) = x^2 + \frac{64}{x^2}$.
To find the minimum, we take the derivative with respect to $x$ and set it to zero.
$f'(x) = 2x - \frac{128}{x^3}$.
Setting $f'(x) = 0$, we have $2x = \frac{128}{x^3}$, which implies $2x^4 = 128$, so $x^4 = 64$.
Thus, $x = \pm \sqrt[4]{64} = \pm \sqrt{8} = \pm 2\sqrt{2}$.
When $x = 2\sqrt{2}$, $y = \frac{8}{2\sqrt{2}} = \frac{4}{\sqrt{2}} = 2\sqrt{2}$.
When $x = -2\sqrt{2}$, $y = \frac{8}{-2\sqrt{2}} = \frac{-4}{\sqrt{2}} = -2\sqrt{2}$.
The distance is $d = \sqrt{(2\sqrt{2})^2 + (2\sqrt{2})^2} = \sqrt{8 + 8} = \sqrt{16} = 4$.
The distance is $d = \sqrt{(-2\sqrt{2})^2 + (-2\sqrt{2})^2} = \sqrt{8 + 8} = \sqrt{16} = 4$.
The shortest distance is 4.

To verify that this is a minimum, we can take the second derivative:
$f''(x) = 2 + \frac{384}{x^4}$.
Since $x^4 = 64$, $f''(x) = 2 + \frac{384}{64} = 2 + 6 = 8 > 0$, so we have a minimum.

Therefore, the answer is: 4",chain_of_thought,gemma3:27b-cloud,40078.0,0.0007,0.0069,0.0,0.0069,5,"The solution is fully correct and complete. It correctly sets up the problem, finds the derivative, solves for critical points, calculates the distance, and verifies that it's a minimum using the second derivative test. The steps are clear and logical.",True
"If (G, .) is a group such that (ab)^-1 = a^-1b^-1, for all a, b in G, then G is a/an",B,"Let (G, .) be a group such that (ab)^-1 = a^-1b^-1 for all a, b in G.
We want to determine if G is commutative, abelian, non-abelian, or none of these.

Since (G, .) is a group, we know that for all a in G, a^-1 exists and is unique. Also, the group axioms hold: closure, associativity, identity, and inverse.

We are given that (ab)^-1 = a^-1b^-1 for all a, b in G.
We also know that for any element x in G, (x)^-1(x) = e, where e is the identity element.
Applying this to (ab), we have (ab)(ab)^-1 = e.
Substituting the given condition, we have (ab)(a^-1b^-1) = e.
Now, let's consider the case where a = b = e, where e is the identity element.
Then (ee)^-1 = e^-1e^-1, which simplifies to e^-1 = ee^-1 = e.
So, e^-1 = e, which is consistent with the definition of the identity element.

Now, let's consider the case where a = b.
Then (aa)^-1 = a^-1a^-1.
We also know that (aa)^-1 = (a^2)^-1 = a^-2.
So, a^-2 = a^-1a^-1.
This doesn't give us much information.

Let's consider the associative property: (ab)c = a(bc).
We want to find (abc)^-1.
Using the given property, (abc)^-1 = a^-1b^-1c^-1.
Also, (abc)^-1 = (ab)^-1c^-1 = (a^-1b^-1)c^-1 = a^-1(b^-1c^-1).
And (abc)^-1 = a^-1(bc)^-1 = a^-1(b^-1c^-1).
So, a^-1b^-1c^-1 = a^-1(b^-1c^-1).
This doesn't give us any new information.

Let's consider the case where we want to show that G is abelian, i.e., ab = ba for all a, b in G.
We are given (ab)^-1 = a^-1b^-1.
We also know that (ba)^-1 = b^-1a^-1.
If G is abelian, then ab = ba, so (ab)^-1 = (ba)^-1.
Therefore, a^-1b^-1 = b^-1a^-1.
Multiplying both sides by a on the left and b on the right, we get:
a(a^-1b^-1)b = a(b^-1a^-1)b
(aa^-1)b^-1b = ab^-1(a^-1b)
eb^-1b = ab^-1a^-1b
b^-1b = ab^-1a^-1b
e = ab^-1a^-1b
This doesn't necessarily imply that ab = ba.

However, let's consider (ab)^-1 = a^-1b^-1.
Taking the inverse of both sides, we get ((ab)^-1)^-1 = (a^-1b^-1)^-1.
This simplifies to ab = (b^-1)^-1(a^-1)^-1 = ba.
So, ab = ba for all a, b in G.
Therefore, G is an abelian group.

Therefore, the answer is: B) abelian group",chain_of_thought,gemma3:27b-cloud,49969.0,0.0005,0.0045,0.0,0.0045,5,"The model answer correctly identifies that the given condition implies G is an abelian group. The reasoning is clear, logically sound, and well-explained. The steps taken to arrive at the conclusion are accurate and demonstrate a good understanding of group theory concepts like inverses, identity elements, and the associative property. The final step of taking the inverse of both sides of the given equation to prove commutativity is particularly insightful.",True
"A student makes 10 one-second measurements of the disintegration of a sample of a long-lived radioactive isotope and obtains the following values: 3, 0, 2, 1, 2, 4, 0, 1, 2, 5. How long should the student count to establish the rate to an uncertainty of 1 percent?",D,"Here's a step-by-step solution to this problem:

1. **Understand the Problem:** We're dealing with counting statistics in radioactive decay. The uncertainty in the measured rate is related to the number of counts. We want to find the counting time needed to achieve a 1% uncertainty.

2. **Calculate the Mean Count Rate:** First, we need to find the average number of disintegrations per second from the initial 10-second measurement.
   Total counts = 3 + 0 + 2 + 1 + 2 + 4 + 0 + 1 + 2 + 5 = 20 counts
   Mean count rate = 20 counts / 10 s = 2 counts/s

3. **Understand Uncertainty in Counting Statistics:**  In counting statistics, the uncertainty (standard deviation) is the square root of the number of counts (N).  The fractional uncertainty is the standard deviation divided by the number of counts, or 1/sqrt(N).  We want this fractional uncertainty to be 1% (0.01).

4. **Set up the Uncertainty Equation:** We want:
   1/sqrt(N) = 0.01
   sqrt(N) = 100
   N = 100^2 = 10,000 counts

5. **Calculate the Required Counting Time:** We know the mean count rate is 2 counts/s.  To get 10,000 counts, we need:
   Time = Total counts / Count rate
   Time = 10,000 counts / 2 counts/s = 5,000 s

Therefore, the answer is: D) 5,000 s",chain_of_thought,gemma3:27b-cloud,23766.0,0,0.0093,0.0,0.0093,5,"The model answer provides a clear, step-by-step solution to the problem, correctly applying the principles of counting statistics. It accurately calculates the mean count rate, understands the relationship between uncertainty and the number of counts, sets up the correct equation to solve for the required number of counts, and finally calculates the necessary counting time. The explanation is easy to follow and the final answer is correct.",True
"Catastrophism, meaning the regular occurrence of geological or meteorological disturbances (catastrophes), was Cuvier's attempt to explain the existence of",B,"Here's how we can approach this question:

1. **Understand Catastrophism:** Catastrophism, as defined in the question, proposes that Earth's geological features were formed by sudden, violent events. Cuvier was a key proponent of this idea.

2. **Consider Cuvier's Work:** Georges Cuvier was a paleontologist, meaning he studied fossils. He noticed that fossils often represented species that no longer existed.

3. **Connect Catastrophism to the Fossil Record:** Cuvier used catastrophism to explain *why* there were gaps in the fossil record and why certain species disappeared. He believed that catastrophes caused widespread extinctions, and new species then arose (though not through evolution as we understand it today, but through new creations).

4. **Evaluate the Choices:**
   * **A) evolution:** Cuvier did *not* believe in evolution in the modern sense. He opposed the idea that species changed over time.
   * **B) the fossil record:** This aligns perfectly with Cuvier's use of catastrophes to explain the patterns observed in fossils – the appearance and disappearance of species.
   * **C) uniformitarianism:** Uniformitarianism is the *opposite* of catastrophism. It suggests gradual changes over long periods.
   * **D) the origin of new species:** While Cuvier acknowledged new species appeared, he didn't explain their *origin* through a mechanism like natural selection. He believed they were repopulated after catastrophes.

Therefore, the answer is: B",chain_of_thought,gemma3:27b-cloud,19734.0,0.0008,0.0093,0.0,0.0093,5,"The model answer provides a thorough and accurate explanation of Cuvier's catastrophism and its connection to the fossil record. It correctly defines catastrophism, explains Cuvier's work as a paleontologist, and logically connects these concepts to explain the existence of the fossil record. The elimination of other options is also well-justified. The answer is complete and demonstrates a strong understanding of the topic.",True
"As of 2017, the share of GDP spent on the military by the United States is about",B,"Here's how to approach this question:

1. **Recall general knowledge:** The United States is known for having a large military budget. It's unlikely the share of GDP would be as low as 1% or 3%.
2. **Consider historical context:** While the military budget has fluctuated, it has consistently been a significant portion of the US GDP, especially in the post-World War II era.
3. **Evaluate the choices:**
   *  1% is too low.
   *  3% is also likely too low given the US military's size and global presence.
   *  6% is a plausible number, but might still be a bit low.
   *  10% seems like a reasonable estimate, reflecting substantial military spending.
4. **Confirm with recent data (as of 2017):** In 2017, the US military expenditure was around 3.1% of GDP. However, the choices provided do not include 3.1%. The closest value is 3%.

Therefore, the answer is: B",chain_of_thought,gemma3:27b-cloud,15219.0,0.0012,0.0132,0.0,0.0132,4,"The model answer demonstrates a good thought process, considering general knowledge, historical context, and evaluating the choices. It correctly identifies 1% and 3% as being too low. However, it initially leans towards 10% before acknowledging the 2017 data shows 3.1% and then selecting 3% as the closest answer. While the reasoning is sound and arrives at the correct answer (given the choices), the initial inclination towards 10% and the slight hesitation indicate a minor lack of confidence or precise knowledge. The final answer is correct, but the path to it isn't perfectly direct.",True
Theresa had a bag of 72 marbles. She put the marbles into 9 equal groups. Which number sentence shows how to find the number of marbles Theresa put into each group?,A,"The problem states that Theresa had 72 marbles and divided them into 9 equal groups. We need to find the number of marbles in each group.

Division is the appropriate operation to use when splitting a total quantity into equal groups. In this case, we are dividing the total number of marbles (72) by the number of groups (9).

The number sentence that represents this situation is 72 ÷ 9 = ?.  We can solve this to find the answer: 72 ÷ 9 = 8.

Let's examine the choices:
A) 72 ÷ 9 = 8 - This correctly represents the division of the marbles into equal groups.
B) 72 – 9 = 63 - This represents subtraction, which is not relevant to the problem.
C) 9 + 72 = 81 - This represents addition, which is not relevant to the problem.
D) 9 ÷ 72 = 0.125 - This divides the number of groups by the total number of marbles, which is not what the problem asks for.

Therefore, the correct number sentence is 72 ÷ 9 = 8.

Therefore, the answer is: A",chain_of_thought,gemma3:27b-cloud,22953.0,0.001,0.0119,0.0,0.0119,5,"The model answer is fully correct and complete. It accurately identifies the operation needed (division), explains why, constructs the correct number sentence (72 ÷ 9 = ?), solves it, and correctly eliminates the incorrect answer choices with clear explanations. The reasoning is sound and easy to follow.",True
Select the best translation into predicate logic. Marco doesn't move from Spain to Italy. (i: Italy; m: Marco; s: Spain; Mxyz: x moves to y from z),C,"Let's break down the statement ""Marco doesn't move from Spain to Italy.""

*   **Mxyz:** x moves to y from z
*   **m:** Marco
*   **s:** Spain
*   **i:** Italy

The statement says Marco *doesn't* move from Spain to Italy. This means the predicate ""Marco moves from Spain to Italy"" is false.  We can represent ""Marco moves from Spain to Italy"" as Mmsi.  To represent ""not (Marco moves from Spain to Italy)"", we need to negate this predicate.

Therefore, the correct translation is ~Mmsi.

Now let's look at the choices:

*   A) ~Mmsi - This is the negation of ""Marco moves from Spain to Italy"", which is exactly what we want.
*   B) M~mis - This translates to ""Marco moves to not Italy from Spain"", which doesn't make sense.
*   C) ~Mmis - This translates to ""Marco doesn't move to Italy from Spain"", which is not the original statement.
*   D) M~msi - This translates to ""Marco moves to not Spain from Italy"", which doesn't make sense.

Therefore, the answer is: A",chain_of_thought,gemma3:27b-cloud,19219.0,0,0.0118,0.0,0.0118,5,"The model answer provides a clear and accurate breakdown of the problem, correctly identifies the predicate and its arguments, and accurately translates the English statement into predicate logic. The explanation of why other options are incorrect is also well-reasoned. The final answer, A (~Mmsi), is the correct translation.",True
"You want to cluster 7 points into 3 clusters using the k-Means Clustering algorithm. Suppose after the first iteration, clusters C1, C2 and C3 contain the following two-dimensional points: C1 contains the 2 points: {(0,6), (6,0)} C2 contains the 3 points: {(2,2), (4,4), (6,6)} C3 contains the 2 points: {(5,5), (7,7)} What are the cluster centers computed for these 3 clusters?",A,"The k-Means algorithm updates the cluster centers by calculating the mean of the points assigned to each cluster. Let's calculate the cluster centers for each of the given clusters:

**C1:** Contains points (0,6) and (6,0).
The center is calculated as: ((0+6)/2, (6+0)/2) = (6/2, 6/2) = (3,3)

**C2:** Contains points (2,2), (4,4), and (6,6).
The center is calculated as: ((2+4+6)/3, (2+4+6)/3) = (12/3, 12/3) = (4,4)

**C3:** Contains points (5,5) and (7,7).
The center is calculated as: ((5+7)/2, (5+7)/2) = (12/2, 12/2) = (6,6)

Therefore, the cluster centers are C1: (3,3), C2: (4,4), and C3: (6,6).

Therefore, the answer is: A",chain_of_thought,gemma3:27b-cloud,20187.0,0.0018,0.0153,0.0,0.0153,5,The model answer correctly calculates the cluster centers for each cluster using the mean of the points within each cluster. The calculations are accurate and clearly explained. The final answer is presented correctly.,True
Someone who is unable to encode new memories is said to suffer from,D,"Let's analyze each option:

*   **A) overgeneralization:** This refers to applying rules or patterns too broadly, which is a cognitive error, not a memory encoding issue.
*   **B) belief bias:** This is a tendency to evaluate information based on existing beliefs, also a cognitive bias, not a memory encoding problem.
*   **C) state-dependent memory:** This describes the phenomenon where recall is improved when in the same state (e.g., mood, intoxication) as when the memory was formed. It doesn't involve an inability to *form* new memories.
*   **D) anterograde amnesia:** This specifically refers to the inability to form *new* memories after a traumatic event or neurological condition. This directly addresses the problem description.

Therefore, the answer is: D",chain_of_thought,gemma3:27b-cloud,15125.0,0.0015,0.0169,0.0,0.0169,5,"The model answer provides a clear and accurate explanation of why 'anterograde amnesia' is the correct answer, and effectively eliminates the other options by explaining why they are not related to the inability to encode new memories. The reasoning is well-structured and demonstrates a strong understanding of the concepts.",True
"A liquid flows at a constant flow rate through a pipe with circular cross-sections of varying diameters. At one point in the pipe, the diameter is 2 cm and the flow speed is 18 m/s. What is the flow speed at another point in this pipe, where the diameter is 3 cm?",C,"Here's how to solve this problem using the principle of continuity:

1. **Understand the principle of continuity:** The principle of continuity states that for an incompressible fluid (like a liquid), the volume flow rate must be constant throughout the pipe.  Volume flow rate (Q) is given by Q = A * v, where A is the cross-sectional area and v is the flow speed.

2. **Relate area to diameter:** The cross-sectional area of a circular pipe is A = πr², where r is the radius. Since the diameter (d) is twice the radius (d = 2r), we can also write A = π(d/2)² = (π/4)d².

3. **Apply the continuity equation:** Since Q is constant, we have A₁v₁ = A₂v₂, where the subscripts 1 and 2 refer to the two points in the pipe.

4. **Substitute the area formula:**  (π/4)d₁²v₁ = (π/4)d₂²v₂

5. **Simplify the equation:** The (π/4) terms cancel out, leaving d₁²v₁ = d₂²v₂

6. **Plug in the given values:** We are given d₁ = 2 cm, v₁ = 18 m/s, and d₂ = 3 cm.  We want to find v₂. So, (2 cm)² * (18 m/s) = (3 cm)² * v₂

7. **Solve for v₂:** 4 cm² * 18 m/s = 9 cm² * v₂
   v₂ = (4 cm² * 18 m/s) / 9 cm²
   v₂ = 8 m/s

Therefore, the answer is: 8 m/s",chain_of_thought,gemma3:27b-cloud,29234.0,0,0.0,0.0,0.0,5,"The model answer provides a complete and correct solution to the problem. It clearly explains the principle of continuity, relates area to diameter, correctly applies the continuity equation, and accurately calculates the flow speed at the second point. The steps are logical and easy to follow. The final answer of 8 m/s is correct.",True
About what percentage of the global population was literate in 1950?,B,"Here's how we can approach this question:

1. **Historical Context:** In 1950, much of the world, particularly in developing countries, had limited access to education. Widespread public education systems were still developing in many regions.

2. **Eliminate Extremes:**
   *  96% (D) is highly unlikely.  Even today, global literacy isn't that high. In 1950, it would be nearly impossible for almost everyone to be literate.
   *  36% (A) might be too low, but is plausible given the limited access to education in many parts of the world.

3. **Consider Plausible Ranges:**  Literacy rates were definitely higher in developed countries (North America, Europe, etc.). However, large populations in Asia, Africa, and parts of South America had very low literacy rates. A rate around 50-70% seems more reasonable than a very low or very high percentage.

4. **Research/Common Knowledge:** Based on historical data and general knowledge about global development, the global literacy rate in 1950 was around 52%.

Therefore, the answer is: B) 56%",chain_of_thought,gemma3:27b-cloud,18110.0,0,0.0122,0.0,0.0122,5,"The model answer provides a logical and well-reasoned approach to estimating the global literacy rate in 1950. It correctly eliminates implausible options, considers historical context, and arrives at the correct answer (56% is a very close approximation to the actual rate of around 52%). The explanation is clear, concise, and demonstrates understanding of the factors influencing literacy rates at that time.",True
Aquinas argues that the end of every action is:,C,"Here's a step-by-step breakdown of Aquinas's argument regarding the end of every action:

1. **Aquinas's Teleological View:** Thomas Aquinas was heavily influenced by Aristotelian philosophy, which emphasizes teleology – the idea that everything has a purpose or end goal (telos).

2. **The Nature of Human Action:** Aquinas believed that human actions are not random. We *do* things for a reason.  Even seemingly irrational actions are motivated by *something*.

3. **The Role of Desire:**  While desire is a *motivating factor*, Aquinas doesn't see desire itself as the ultimate end. We desire things *because* we believe they will bring about something good. Desire is a means to an end, not the end itself.

4. **Good as the Ultimate End:** Aquinas argues that every action aims at some perceived good. This good might be physical pleasure, intellectual understanding, or spiritual fulfillment.  The key is that the action is undertaken *because* it is believed to lead to something good.  He posits that humans naturally seek the good.

5. **Eliminating Other Options:**
   * **Pleasure (B):** Pleasure is a *type* of good, but not all actions are aimed at pleasure. Many actions are undertaken out of duty, obligation, or a sense of justice, not simply for the pleasure they provide.
   * **Emotional State (D):**  Emotional states are consequences of actions or motivations *for* actions, but they aren't the ultimate end in themselves.
   * **Desire (A):** As mentioned earlier, desire is a motivator, but not the end itself.

Therefore, the answer is: C",chain_of_thought,gemma3:27b-cloud,30312.0,0.0007,0.008,0.0,0.008,5,"The model answer provides a comprehensive and accurate explanation of Aquinas's view on the end of every action. It correctly identifies his teleological framework, the role of desire as a means to an end, and the ultimate aim at 'good'. The elimination of other options (pleasure, emotional state, desire) is also well-reasoned and directly addresses why 'good' is the correct answer. The step-by-step breakdown makes the explanation very clear and easy to follow.",True
"An ice cream shopsold 48 vanilla milkshakes in a day, which was 40% of the total number of milkshakes sold that day. What was the total number of milkshakes that the ice cream shop sold that day?",D,"Let 'x' be the total number of milkshakes sold that day.
We are given that 48 vanilla milkshakes represent 40% of the total number of milkshakes sold.
We can write this as an equation: 0.40 * x = 48
To solve for x, we can divide both sides of the equation by 0.40:
x = 48 / 0.40
x = 120

Therefore, the total number of milkshakes that the ice cream shop sold that day was 120.

Therefore, the answer is: D",chain_of_thought,gemma3:27b-cloud,9907.0,0.0022,0.0247,0.0,0.0247,5,"The model answer correctly sets up the equation to solve the problem (0.40 * x = 48), accurately solves for x (x = 120), and provides a clear explanation of the steps taken. The final answer matches the expected result. It is fully correct and complete.",True
"This question refers to the following information.
I walk alongside the column, ask what's going on.
A soldier says simply: ""They call up more every day.
""Some of us were sent north to the Yellow River at age fifteen,
And now at forty we're heading off to the garrisons in the west.
On our first tour, the village headman had to tie our bandannas for us.
When we came back, our hair was white, but still there's more unrest.
The frontier garrisons run with blood, enough to fill an ocean,
But the Martial Emperor's territorial ambitions have yet to crest.
In the hundred districts east of the mountains, throughout the land of Han,
There must be ten thousand villages that brambles now infest.
Even if wives are strong enough to handle a hoe and plow,
The crops grow every which way, the fields are all a mess.
It's hardest for the Shanxi men, with their reputations as fighters:
They're rounded up like dogs or chickens, every male impressed.
""But sir, though it's good of you to ask,
Complaining isn't part of the soldier's task.
We can only shake our heads. Take this winter:
The Shanxi troops were never sent home.
The District Officers are demanding the land tax,
But where will it come from? You can't get blood from a stone!
I honestly think it's bad luck to bear a son now,
It's better to have a daughter: at least she can marry
And live with the neighbors next door.
But a son will end up lying on some distant prairie.""
Du Fu, ""Ballad of the Army Carts,"" ca. 750 C.E.
The succeeding Song dynasty differed from the Tang in that",C,"The poem ""Ballad of the Army Carts"" by Du Fu depicts a society burdened by constant warfare, heavy taxation, and the relentless conscription of men. The poem highlights the suffering of the common people due to the Martial Emperor's territorial ambitions and the endless demands of military service. This suggests a period of aggressive expansion and a large, active military.

The question asks about the difference between the Tang and Song dynasties. We need to consider how the Song dynasty differed in light of the conditions described in the poem.

A) The Song dynasty *did not* abolish the Confucian civil service exams. In fact, they expanded and refined them. So this is incorrect.

B) The Song dynasty did not sponsor Buddhism to the detriment of other philosophies. While Buddhism was present, Confucianism remained dominant, and Neo-Confucianism emerged during the Song. So this is incorrect.

C) The poem describes a period of aggressive military expansion. The Song dynasty, facing external threats and internal weaknesses, generally pursued a more defensive and less expansive foreign policy, often paying tribute to neighboring groups to maintain peace. This contrasts with the Tang's earlier expansionist policies. This seems like a strong possibility.

D) The Song dynasty was not originally from outside of China. It was a continuation of Chinese dynastic rule. So this is incorrect.

Considering the poem's depiction of constant warfare and expansion, and knowing the Song dynasty shifted towards a more defensive posture, the most fitting answer is that the Song pursued a less expansive foreign policy.

Therefore, the answer is: C",chain_of_thought,gemma3:27b-cloud,28235.0,0.0007,0.0076,0.0,0.0076,5,"The model answer provides a thorough and accurate analysis of the poem and correctly connects it to the historical difference between the Tang and Song dynasties. It effectively uses the poem's content to justify why option C is the correct answer, and clearly explains why the other options are incorrect. The reasoning is logical, well-structured, and demonstrates a strong understanding of both the poem and the historical context.",True
"A city imposes a municipal excise tax of $200 per year on commercial artists' studios in that city. It also imposes an excise tax of $100 per year on every itinerant commercial figure drawer for the privilege of using the streets and sidewalks. A credit is allowed against this latter tax for any excise tax paid to the city by the drawer or his employer in respect to the maintenance of an artist's studio in the city. A gallery, located in a neighboring state, has been sending two itinerant artists into the city. Their practice is to draw a picture of a pedestrian, ask him to order a finished painting, and collect a payment of $2. 00. The drawing is sent to a studio, which frames it and mails the framed painting to the customer. The neighboring state does not impose a tax on artists' studios. The gallery challenges the constitutionality of the $100 per year excise tax that is imposed upon its itinerant artists in the city. The court will most likely declare this tax",B,"Here's a step-by-step breakdown to determine the most likely court ruling:

1. **Identify the Tax:** The city is imposing a $100 excise tax on itinerant artists for using public spaces (streets and sidewalks) to draw. There's a credit available if the artist or employer already pays the studio tax.

2. **Interstate Commerce:** The gallery and artists are from another state, meaning this involves interstate commerce. Taxes on interstate commerce are not automatically unconstitutional, but they are subject to scrutiny under the Commerce Clause.

3. **Nature of the Tax:** The tax isn't based on the *value* of the art (ad valorem). It's a flat fee for the *privilege* of conducting business (drawing) within the city's limits. This is a privilege tax or excise tax on an activity.

4. **Discriminatory Effect:** The key issue is whether the tax is discriminatory against interstate commerce. A tax is discriminatory if it favors in-state businesses over out-of-state businesses. Here, the tax applies to *all* itinerant artists, regardless of where they're from. The fact that the neighboring state doesn't tax studios isn't directly relevant, as the tax isn't on the studio itself, but on the *activity* within the city.

5. **Local Activity:** The tax is levied on the act of drawing pictures *within the city*. The subsequent work (framing, mailing) is not taxed by this city ordinance. The tax is tied to the local activity.

6. **Analyzing the Choices:**
   * **A) constitutional, as a valid ad valorem tax on interstate commerce.** Incorrect. It's not an ad valorem tax.
   * **B) constitutional, since the tax was levied not on the commercial art business as a whole but on the local activity of drawing pictures.** This is the strongest answer. The tax is specifically tied to the activity within the city limits.
   * **C) unconstitutional, since a state or municipality may not impose a license tax on orders for goods or services to be performed in another state.** This is incorrect. The tax isn't on the *order* or the *performance* in another state. It's on the initial drawing activity within the city.
   * **D) unconstitutional, as a discriminatory privilege tax.** Incorrect. The tax isn't discriminatory; it applies to all itinerant artists.

Therefore, the answer is: B",chain_of_thought,gemma3:27b-cloud,31828.0,0.0005,0.0052,0.0,0.0052,5,"The model answer provides a thorough and accurate analysis of the legal issue, correctly identifying the tax as a privilege tax on local activity and applying the Commerce Clause principles. The step-by-step breakdown is logical and well-explained, and the justification for choosing option B while eliminating the others is sound. The answer demonstrates a strong understanding of interstate commerce taxation and the relevant legal concepts.",True
Calculate the spin angular momentum of 43Ca. [I = 7⁄2],C,"Here's how to calculate the spin angular momentum of 43Ca:

1. **Formula:** The magnitude of the spin angular momentum (S) is given by:  S = √(s(s+1))ħ, where s is the spin quantum number and ħ (h-bar) is the reduced Planck constant.

2. **Spin Quantum Number (s):**  We are given that the nuclear spin I = 7/2.  For a single particle, the spin quantum number 's' is 1/2. However, the given 'I' represents the *total* angular momentum of the nucleus, which includes both spin and orbital angular momentum.  Since we are asked for the *spin* angular momentum, and given I = 7/2, we assume that the spin is the dominant contribution to the total angular momentum. Therefore, we will use s = 7/2.

3. **Reduced Planck Constant (ħ):** ħ = h / 2π, where h is Planck's constant (6.626 x 10^-34 J s).  So, ħ = (6.626 x 10^-34 J s) / (2π) ≈ 1.054 x 10^-34 J s.

4. **Calculation:**
   S = √(s(s+1))ħ
   S = √((7/2)(7/2 + 1)) * (1.054 x 10^-34 J s)
   S = √((7/2)(9/2)) * (1.054 x 10^-34 J s)
   S = √(63/4) * (1.054 x 10^-34 J s)
   S = √(15.75) * (1.054 x 10^-34 J s)
   S ≈ 3.9686 * (1.054 x 10^-34 J s)
   S ≈ 4.185 x 10^-34 J s

Therefore, the answer is: 4.185 x 10^-34 J s",chain_of_thought,gemma3:27b-cloud,30968.0,0,0.0,0.0,0.0,3,"The model attempts to calculate the spin angular momentum but makes a crucial error in interpreting the given information. The problem states I = 7/2, which is the *total* angular momentum, not the spin quantum number 's'. The model incorrectly assumes s = 7/2, leading to an incorrect calculation. While the formula and calculations are performed correctly *given* the incorrect assumption, the initial premise is flawed. A correct answer would acknowledge that 'I' is the total angular momentum and that determining the spin angular momentum requires knowing the orbital angular momentum as well, which isn't provided. The calculation of ħ is correct, and the formula is stated correctly.",False
"Two identical satellites, A and B, are in circular orbits around Earth. The orbital radius of A is twice that of B. Which of the following gives the ratio of the angular momentum of A to the angular momentum of B?",C,"Here's how to solve this problem step-by-step:

1. **Angular Momentum Formula:** The angular momentum (L) of a satellite in a circular orbit is given by L = Iω, where I is the moment of inertia and ω is the angular velocity. For a point mass orbiting a central body, the moment of inertia is I = mr², where m is the mass of the satellite and r is the orbital radius.  Therefore, L = mr²ω.

2. **Angular Velocity:** The angular velocity ω is related to the orbital period (T) by ω = 2π/T.  Kepler's Third Law states that the square of the orbital period is proportional to the cube of the semi-major axis (which is the radius for a circular orbit).  Mathematically, T² ∝ r³.  This means T ∝ r^(3/2).

3. **Substituting for ω:** Substituting ω = 2π/T into the angular momentum equation, we get L = mr²(2π/T) = (2πm/T)r².  Since T ∝ r^(3/2), we can write T = kr^(3/2), where k is a constant.

4. **Substituting for T:** Substituting T = kr^(3/2) into the angular momentum equation, we get L = (2πm / (kr^(3/2)))r² = (2πm/k)r^(1/2).

5. **Ratio of Angular Momenta:** Let L<sub>A</sub> be the angular momentum of satellite A and L<sub>B</sub> be the angular momentum of satellite B.  We are given that the orbital radius of A is twice that of B, so r<sub>A</sub> = 2r<sub>B</sub>.  We want to find L<sub>A</sub>/L<sub>B</sub>.

   L<sub>A</sub> = (2πm/k)r<sub>A</sub>^(1/2) = (2πm/k)(2r<sub>B</sub>)^(1/2) = (2πm/k)√2 r<sub>B</sub>^(1/2)
   L<sub>B</sub> = (2πm/k)r<sub>B</sub>^(1/2)

   Therefore, L<sub>A</sub>/L<sub>B</sub> = [(2πm/k)√2 r<sub>B</sub>^(1/2)] / [(2πm/k)r<sub>B</sub>^(1/2)] = √2.

Therefore, the answer is: √2",chain_of_thought,gemma3:27b-cloud,36532.0,0,0.0,0.0,0.0,5,"The model answer provides a clear, step-by-step derivation of the ratio of angular momenta. It correctly applies the formula for angular momentum (L = mr²ω), Kepler's Third Law (T² ∝ r³), and accurately calculates the ratio L_A/L_B = √2. The explanation is well-structured and easy to follow. All steps are logically sound and lead to the correct conclusion.",True
"In the Japanese Zen tradition, what is zazen?",C,"Let's analyze the question. We are asked about ""zazen"" within the Japanese Zen tradition. Zen Buddhism is well-known for its emphasis on meditation. Now let's look at the choices:

*   **A) A collection of statues:** Statues are used in Buddhism, but don't define a core practice like ""zazen.""
*   **B) Veneration of ancestors:** Ancestor veneration is present in many cultures, including some Buddhist ones, but isn't specific to Zen or ""zazen.""
*   **C) Seated meditation:** Zen is *highly* focused on meditation, and ""za"" means ""seated"" in Japanese. This strongly suggests ""zazen"" relates to seated meditation.
*   **D) Funeral rituals:** While Buddhism has funeral rituals, this doesn't define ""zazen.""

Considering the core tenets of Zen Buddhism, ""zazen"" is most accurately described as seated meditation.

Therefore, the answer is: C",chain_of_thought,gemma3:27b-cloud,15531.0,0.0014,0.0153,0.0,0.0153,5,"The model answer demonstrates a clear understanding of zazen as seated meditation within the context of Zen Buddhism. It provides a logical and well-reasoned explanation, effectively eliminating incorrect options and justifying the correct one. The breakdown of each choice is thorough and accurate.",True
"A machine learning problem involves four attributes plus a class. The attributes have 3, 2, 2, and 2 possible values each. The class has 3 possible values. How many maximum possible different examples are there?",D,"The problem asks for the maximum possible number of different examples in a machine learning problem with four attributes and a class. Each attribute has a certain number of possible values, and the class also has a certain number of possible values. To find the total number of different examples, we need to multiply the number of possible values for each attribute and the class.

Attribute 1 has 3 possible values.
Attribute 2 has 2 possible values.
Attribute 3 has 2 possible values.
Attribute 4 has 2 possible values.
The class has 3 possible values.

The total number of different examples is:
3 * 2 * 2 * 2 * 3 = 3 * 8 * 3 = 24 * 3 = 72

Therefore, the answer is: 72",chain_of_thought,gemma3:27b-cloud,13891.0,0,0.0,0.0,0.0,5,The model answer correctly identifies the need to multiply the number of possible values for each attribute and the class to find the total number of possible examples. The calculation (3 * 2 * 2 * 2 * 3 = 72) is accurate and the explanation is clear and easy to follow.,True
A possible effect of damage to the third cranial nerve by trauma to the orbit is,B,"Okay, let's break down this question. We're looking for the effect of damage to the third cranial nerve (oculomotor nerve) due to orbital trauma.

*   **Third Cranial Nerve (Oculomotor Nerve) Function:** This nerve controls most of the eye's movements, specifically the superior rectus, inferior rectus, medial rectus, and inferior oblique muscles. It also controls the levator palpebrae superioris (which lifts the eyelid) and the pupillary sphincter (causing pupillary constriction) and also innervates the lacrimal gland.

Now let's analyze the answer choices:

*   **A) a convergent strabismus:** Damage to the third nerve can cause weakness or paralysis of the lateral rectus muscle (which abducts the eye). This would lead to the eye turning *inward*, causing convergent strabismus (esotropia). This is a very common presentation of third nerve palsy.
*   **B) ptosis:** The third nerve innervates the levator palpebrae superioris. Damage to the nerve can cause weakness of this muscle, resulting in drooping of the eyelid (ptosis). This is also a very common presentation of third nerve palsy.
*   **C) pupillary constriction:** The third nerve *does* innervate the pupillary constrictor muscle, but damage to the nerve often causes *pupillary dilation* due to loss of parasympathetic tone, not constriction.
*   **D) bitemporal hemianopia:** This visual field defect is caused by damage to the optic chiasm, not the third cranial nerve.

Considering the functions of the third cranial nerve, both convergent strabismus and ptosis are common effects of its damage. However, ptosis is a more consistent and direct result of the nerve's innervation of the levator palpebrae superioris. While strabismus can occur, it depends on which specific muscles are affected.

Therefore, the answer is: B",chain_of_thought,gemma3:27b-cloud,27000.0,0.0007,0.0074,0.0,0.0074,4,"The model answer demonstrates a good understanding of the third cranial nerve and its functions. It correctly identifies ptosis and convergent strabismus as potential effects of damage. However, the reasoning for choosing 'ptosis' over 'convergent strabismus' is slightly weak. While ptosis is a *very* common finding, convergent strabismus (esotropia) is also a hallmark sign of third nerve palsy due to the unopposed action of the lateral rectus. The explanation that strabismus 'depends on which specific muscles are affected' is true, but doesn't fully explain why strabismus isn't a less likely outcome than ptosis. The answer is ultimately correct, but the justification could be more robust.",True
A magnetic force acting on a beam of electrons can change its,A,"Here's how we can approach this problem:

1. **Magnetic Force on a Charged Particle:** A magnetic force acts on a charged particle (like an electron) *only* when the particle is moving and has a velocity component perpendicular to the magnetic field.

2. **Direction of the Force:** The magnetic force is *always* perpendicular to both the velocity of the charged particle and the magnetic field direction. This means the force does *no work* on the particle.

3. **Work and Energy:** Since the magnetic force does no work, it cannot change the kinetic energy of the electron.  Energy is only changed when a force does work on an object.

4. **Change in Direction:** Because the force is perpendicular to the velocity, it causes the particle to change *direction*, but not speed. This results in circular or helical motion.

5. **Analyzing the Choices:**
   * A) direction - This is correct, as explained above.
   * B) energy - This is incorrect, as the magnetic force does no work and therefore doesn't change energy.
   * C) Both of these - Incorrect, because energy is not changed.
   * D) Neither of these - Incorrect, because direction *is* changed.

Therefore, the answer is: A",chain_of_thought,gemma3:27b-cloud,17734.0,0.0009,0.0104,0.0,0.0104,5,"The model answer provides a thorough and accurate explanation of how a magnetic force affects a beam of electrons. It correctly identifies that the force changes the direction of the electrons but not their energy, and it logically explains why. The step-by-step approach and analysis of the answer choices are clear and well-reasoned. The final answer (A) is correct.",True
What is the remainder when $2^{87} +3$ is divided by $7$?,D,"We want to find the remainder when $2^{87} + 3$ is divided by $7$.
First, let's look for a pattern in the powers of $2$ modulo $7$:
$2^1 \equiv 2 \pmod{7}$
$2^2 \equiv 4 \pmod{7}$
$2^3 \equiv 8 \equiv 1 \pmod{7}$
$2^4 \equiv 16 \equiv 2 \pmod{7}$
$2^5 \equiv 32 \equiv 4 \pmod{7}$
$2^6 \equiv 64 \equiv 1 \pmod{7}$
The powers of $2$ modulo $7$ repeat in a cycle of length $3$: $2, 4, 1, 2, 4, 1, \dots$
We want to find $2^{87} \pmod{7}$. Since the cycle has length $3$, we can find the remainder when $87$ is divided by $3$:
$87 = 3 \cdot 29$, so $87 \equiv 0 \pmod{3}$.
Since $87 \equiv 0 \pmod{3}$, we have $2^{87} \equiv 2^3 \equiv 1 \pmod{7}$.
Now we want to find the remainder when $2^{87} + 3$ is divided by $7$.
$2^{87} + 3 \equiv 1 + 3 \equiv 4 \pmod{7}$.
Therefore, the remainder when $2^{87} + 3$ is divided by $7$ is $4$.

Therefore, the answer is: D",chain_of_thought,gemma3:27b-cloud,22282.0,0.0011,0.0106,0.0,0.0106,5,"The solution is fully correct and well-explained. It correctly identifies the pattern of powers of 2 modulo 7, finds the remainder of the exponent when divided by the cycle length, and calculates the final remainder. The reasoning is clear and easy to follow.",True
"In xyz-space, what are the coordinates of the point on the plane 2x + y + 3z = 3 that is closest to the origin?",B,"Let the point on the plane be $(x, y, z)$. We want to minimize the distance from the origin $(0, 0, 0)$ to the point $(x, y, z)$ on the plane $2x + y + 3z = 3$. The distance squared is $d^2 = x^2 + y^2 + z^2$. We want to minimize $d^2$ subject to the constraint $2x + y + 3z = 3$.

We can use the method of Lagrange multipliers. Let $L(x, y, z, \lambda) = x^2 + y^2 + z^2 - \lambda(2x + y + 3z - 3)$.
We need to solve the following system of equations:
\begin{align*} \label{eq:1} \frac{\partial L}{\partial x} &= 2x - 2\lambda = 0 \implies x = \lambda \\ \frac{\partial L}{\partial y} &= 2y - \lambda = 0 \implies y = \frac{\lambda}{2} \\ \frac{\partial L}{\partial z} &= 2z - 3\lambda = 0 \implies z = \frac{3\lambda}{2} \\ \frac{\partial L}{\partial \lambda} &= -(2x + y + 3z - 3) = 0 \implies 2x + y + 3z = 3\end{align*}
Substituting $x, y, z$ in terms of $\lambda$ into the constraint equation, we get:
$$2(\lambda) + \frac{\lambda}{2} + 3\left(\frac{3\lambda}{2}\right) = 3$$
$$2\lambda + \frac{\lambda}{2} + \frac{9\lambda}{2} = 3$$
$$2\lambda + \frac{10\lambda}{2} = 3$$
$$2\lambda + 5\lambda = 3$$
$$7\lambda = 3$$
$$\lambda = \frac{3}{7}$$
Now we can find $x, y, z$:
$$x = \lambda = \frac{3}{7}$$
$$y = \frac{\lambda}{2} = \frac{3/7}{2} = \frac{3}{14}$$
$$z = \frac{3\lambda}{2} = \frac{3(3/7)}{2} = \frac{9}{14}$$
So the point is $\left(\frac{3}{7}, \frac{3}{14}, \frac{9}{14}\right)$.

Now we check the given options:
A) (0, 0, 1): $2(0) + 0 + 3(1) = 3$. Distance from origin is $\sqrt{0^2 + 0^2 + 1^2} = 1$.
B) (3/7, 3/14, 9/14): $2(3/7) + 3/14 + 3(9/14) = 6/7 + 3/14 + 27/14 = 12/14 + 3/14 + 27/14 = 42/14 = 3$. Distance from origin is $\sqrt{(3/7)^2 + (3/14)^2 + (9/14)^2} = \sqrt{9/49 + 9/196 + 81/196} = \sqrt{36/196 + 9/196 + 81/196} = \sqrt{126/196} = \sqrt{9/14} = 3/\sqrt{14} \approx 0.8018$.
C) (7/15, 8/15, 1/15): $2(7/15) + 8/15 + 3(1/15) = 14/15 + 8/15 + 3/15 = 25/15 = 5/3 \neq 3$.
D) (5/6, 1/3, 1/3): $2(5/6) + 1/3 + 3(1/3) = 5/3 + 1/3 + 1 = 6/3 + 1 = 2 + 1 = 3$. Distance from origin is $\sqrt{(5/6)^2 + (1/3)^2 + (1",chain_of_thought,gemma3:27b-cloud,62406.0,0,0.0047,0.0,0.0047,5,"The solution correctly uses Lagrange multipliers to find the point on the plane closest to the origin. The calculations are accurate, and the final answer is correct. The verification of the options is also well done, confirming that the calculated point is indeed the closest one.",True
A bi-convex lens has a radius of curvature of magnitude 20 cm. Which of the following best describes the image formed of an object of height 2 cm placed 30 cm from the lens?,A,"Here's a step-by-step solution to determine the image formed by the bi-convex lens:

1. **Lensmaker's Formula:**  We need to find the focal length (f) of the lens first. The lensmaker's formula is: 1/f = (n-1) * (1/R1 - 1/R2), where n is the refractive index, R1 is the radius of curvature of the first surface, and R2 is the radius of curvature of the second surface. Since it's a bi-convex lens, both radii are positive.  We are not given the refractive index, so we assume n = 1.5 (a common value for glass). Also, R1 = R2 = 20 cm.

   1/f = (1.5 - 1) * (1/20 - 1/20) = 0.5 * 0 = 0. This is incorrect. The problem states the magnitude of the radius of curvature is 20 cm. Since it is bi-convex, we can assume R1 = +20 cm and R2 = -20 cm.

   1/f = (1.5 - 1) * (1/20 - 1/(-20)) = 0.5 * (1/20 + 1/20) = 0.5 * (2/20) = 0.5 * (1/10) = 1/20.
   Therefore, f = 20 cm.

2. **Lens Formula:** Now we use the lens formula to find the image distance (v): 1/f = 1/u + 1/v, where u is the object distance and v is the image distance.  We are given u = 30 cm and we found f = 20 cm.

   1/20 = 1/30 + 1/v
   1/v = 1/20 - 1/30 = (3 - 2) / 60 = 1/60
   Therefore, v = 60 cm.  Since v is positive, the image is real.

3. **Magnification:**  Magnification (m) is given by m = -v/u.

   m = -60/30 = -2.  The negative sign indicates the image is inverted.  The magnitude of the magnification is 2.

4. **Image Height:** Image height (h') = m * object height (h).  We are given h = 2 cm.

   h' = -2 * 2 cm = -4 cm. The negative sign indicates the image is inverted. The height is 4 cm.

However, none of the choices match our calculation. Let's re-examine the lensmaker's formula. The problem states the magnitude of the radius of curvature is 20 cm. Since it is bi-convex, we can assume R1 = +20 cm and R2 = +20 cm.

1/f = (1.5 - 1) * (1/20 - 1/20) = 0.5 * 0 = 0. This is incorrect.

Let's assume the refractive index is not 1.5. Let's proceed with the assumption that f = 20 cm.

1/20 = 1/30 + 1/v
1/v = 1/20 - 1/30 = (3 - 2) / 60 = 1/60
v = 60 cm.

m = -v/u = -60/30 = -2
h' = m * h = -2 * 2 = -4 cm.

The image is real, inverted, and has a height of 4 cm. None of the options match.

Let's reconsider the lensmaker's formula with R1 = 20 and R2 = -20.
1/f = (1.5 - 1) * (1/20 - 1/(-20)) = 0.5 * (1/20 + 1/20) = 0.5 * (2/20) = 0.5 * (1/10) = 1/20
f = 20 cm.

1/20 = 1/30 + 1/v
1/v = 1/20 - 1/30 = 1/60
v = 60 cm.

m = -v/u = -60/30 = -2
",chain_of_thought,gemma3:27b-cloud,66407.0,0.0003,0.0039,0.0,0.0039,4,"The solution correctly applies the lensmaker's formula and lens formula, arriving at the correct focal length (20cm), image distance (60cm), magnification (-2), and image height (-4cm). However, the initial confusion regarding the signs of the radii of curvature and the repeated re-evaluation demonstrate a lack of confidence and a slight inefficiency in the approach. The solution also acknowledges the discrepancy between the calculated result and the provided options, but doesn't offer a potential reason for the mismatch (e.g., a different refractive index or a rounding error in the options).",False
What is the value of this python expression: 1 + 3 % 3?,B,"The expression is 1 + 3 % 3.
The modulo operator (%) returns the remainder of a division.
3 % 3 is the remainder when 3 is divided by 3, which is 0.
So the expression becomes 1 + 0.
1 + 0 is 1.

Therefore, the answer is: 1",chain_of_thought,gemma3:27b-cloud,9641.0,0,0.0,0.0,0.0,5,"The model answer correctly evaluates the expression step-by-step, explaining the modulo operator and arriving at the correct result of 1. The explanation is clear and complete.",True
"Guru Nanak used what term to denote the ""divine word"" as part of divine revelation?",A,"Let's analyze the question and the choices provided. The question asks about the term Guru Nanak used for ""divine word"" as part of divine revelation.

*   **Guru Nanak** was the founder of Sikhism. Understanding key concepts in Sikhism is crucial.
*   **Shabad** (शब्द) in Sikhism refers to the Divine Word, the revealed word of God. It's a central concept, representing the creative power of God and the means of realizing spiritual truth.
*   **Khalse** (ਖ਼ਾਲਸਾ) refers to the community of initiated Sikhs, the ""pure ones."" It's about a collective body, not the divine word itself.
*   **Nam** (ਨਾਮ) means ""name"" or ""divine name."" While important in Sikhism, it's more about remembering and meditating on God's attributes, not the word itself.
*   **Guru** (ਗੁਰੂ) means ""teacher."" While Guru Nanak *was* a Guru, the term doesn't represent the divine word.

Considering these definitions, ""Shabad"" is the most accurate term Guru Nanak used to denote the ""divine word"" as part of divine revelation.

Therefore, the answer is: A) Shabad",chain_of_thought,gemma3:27b-cloud,17500.0,0.0011,0.0122,0.0,0.0122,5,"The model answer demonstrates a strong understanding of the question and provides a thorough and accurate explanation. It correctly identifies 'Shabad' as the term Guru Nanak used for the divine word, and effectively eliminates the other options with clear reasoning. The explanation showcases knowledge of key Sikh concepts and their meanings.",True
"This question refers to the following information.
""Let a woman retire late to bed, but rise early to duties; let her nor dread tasks by day or by night. Let her not refuse to perform domestic duties whether easy or difficult. That which must be done, let her finish completely, tidily, and systematically, When a woman follows such rules as these, then she may be said to be industrious.
Let a woman be correct in manner and upright in character in order to serve her husband. Let her live in purity and quietness of spirit, and attend to her own affairs. Let her love not gossip and silly laughter. Let her cleanse and purify and arrange in order the wine and the food for the offerings to the ancestors. When a woman observes such principles as these, then she may be said to continue ancestral worship.
No woman who observes these three fundamentals of life has ever had a bad reputation or has fallen into disgrace. If a woman fail to observe them, how can her name be honored; how can she but bring disgrace upon herself?""
© The East Asian Library and the Gest Collection, Princeton University.
Ban Zhao, Lessons for a Woman, ca. 80 C.E.
Which of the following is expressed as an expectation for women in ancient China, according to the passage?",A,"The passage details expectations for women in ancient China, specifically focusing on their roles within the home and family. Let's analyze each choice:

*   **A) That they obediently fulfill their obligations within the home:** The text emphasizes duties like rising early for work, completing tasks ""completely, tidily, and systematically,"" attending to domestic chores (easy or difficult), and serving her husband. This strongly suggests an expectation of dutiful obedience within the domestic sphere.
*   **B) That they collaborate with their husbands on domestic tasks:** While the text mentions serving her husband, it doesn't explicitly state *collaboration*. It focuses on the woman's individual responsibilities.
*   **C) That they pursue education in order to find meaningful employment:** The passage doesn't mention education or employment outside the home. Its focus is entirely on domestic and familial roles.
*   **D) That they speak their minds boldly:** The text emphasizes qualities like purity, quietness of spirit, and avoiding gossip. This is the opposite of speaking boldly.

Therefore, the most accurate expectation expressed in the passage is that women should obediently fulfill their obligations within the home.

Therefore, the answer is: A",chain_of_thought,gemma3:27b-cloud,17094.0,0.001,0.0108,0.0,0.0108,5,The model answer correctly identifies the central theme of the passage – expectations of dutiful obedience within the home – and thoroughly explains why option A is the best answer while effectively eliminating the other options with clear reasoning based on textual evidence. The explanation is well-structured and easy to follow.,True
"Statement 1| In a Bayesian network, the inference results of the junction tree algorithm are the same as the inference results of variable elimination. Statement 2| If two random variable X and Y are conditionally independent given another random variable Z, then in the corresponding Bayesian network, the nodes for X and Y are d-separated given Z.",C,"Let's analyze each statement separately.

**Statement 1: In a Bayesian network, the inference results of the junction tree algorithm are the same as the inference results of variable elimination.**

Both the junction tree algorithm and variable elimination are exact inference algorithms used in Bayesian networks. They aim to compute posterior probabilities of query variables given evidence variables. While they differ in their approach (junction tree builds a tree structure to facilitate inference, while variable elimination systematically eliminates variables from the joint probability distribution), they are mathematically equivalent.  Both algorithms, when implemented correctly, will yield the same numerical results for the posterior probabilities.

Therefore, Statement 1 is True.

**Statement 2: If two random variable X and Y are conditionally independent given another random variable Z, then in the corresponding Bayesian network, the nodes for X and Y are d-separated given Z.**

Conditional independence is directly related to d-separation. D-separation is a graphical criterion that determines conditional independence in a Bayesian network. If X and Y are conditionally independent given Z, it means that knowing Z renders X and Y independent. This corresponds precisely to the definition of d-separation: there is no active path between X and Y when Z is observed.  An active path is one where the variables on the path are not blocked by conditioning on Z.

Therefore, Statement 2 is True.

Since both statements are true, the correct answer is A.

Therefore, the answer is: A",chain_of_thought,gemma3:27b-cloud,22406.0,0,0.0,0.0,0.0,5,"The model answer provides a clear and accurate explanation for both statements. It correctly identifies that both the junction tree algorithm and variable elimination yield the same inference results, and accurately explains the relationship between conditional independence and d-separation. The reasoning is sound and the conclusion (A) is correct.",True
"Digital images are often represented by the red, green, and blue values (an RGB triplet) of each individual pixel in the image. A photographer is manipulating a digital image and overwriting the original image. Which of the following describes a lossless transformation of the digital image?",C,"Let's analyze each option to determine which represents a lossless transformation. A lossless transformation means no information is lost; the original image data can be perfectly reconstructed from the transformed image.

A) Compressing the image in a way that may lose information... This explicitly states information loss, so it's not lossless.

B) Creating the gray scale of an image by averaging the amounts of red, green, and blue... While this creates a new image, the original RGB values are not directly recoverable from the grayscale value.  The original red, green, and blue components are combined, and that information is lost. However, this is a reversible operation if we know the original RGB values. But the question asks for a transformation, and this is a transformation that loses information.

C) Creating the negative of an image by subtracting each value from 255... This is a reversible operation. If you subtract a value from 255, you can add it back to 255 to get the original value.  Therefore, no information is lost.

D) Modifying part of the image by copying pixels... This changes the image content, and the original pixel values in the source location are not recoverable from the destination location. This is not lossless.

Comparing the options, only option C guarantees that the original image data can be perfectly reconstructed.

Therefore, the answer is: C",chain_of_thought,gemma3:27b-cloud,17875.0,0.0008,0.0088,0.0,0.0088,5,"The model answer provides a clear and accurate explanation of why option C is the correct answer and why the other options are not. It correctly defines a lossless transformation and applies that definition to each option, demonstrating a strong understanding of the concept. The reasoning is well-structured and easy to follow. The explanation for why option B is not lossless is particularly good, acknowledging the potential for reversibility *with additional information* but correctly identifying it as a lossy transformation in the context of the question.",True
"For which of these two scenarios does the main character (who uses I/me/my) do something clearly morally wrong, according to ordinary moral standards in the US as of 2020? Scenario 1 | I bought my son the test answers to help him at school. Scenario 2 | I like to park in my driveway without asking my neighbors.",B,"Let's analyze each scenario based on ordinary moral standards in the US as of 2020.

**Scenario 1: ""I bought my son the test answers to help him at school.""**

This scenario involves providing a son with answers to a test. This is clearly academically dishonest. It undermines the purpose of education, which is to assess a student's understanding of the material. It's also unfair to other students who are taking the test honestly.  Buying test answers is a form of cheating and is generally considered morally wrong. It could also have legal ramifications depending on the school's policies.

**Scenario 2: ""I like to park in my driveway without asking my neighbors.""**

This scenario involves parking in one's own driveway. Unless there are specific homeowner association rules or local ordinances prohibiting it (which isn't stated), parking in one's own driveway is a normal and acceptable use of private property.  Not asking neighbors is simply a matter of courtesy, not a moral failing. It might be considered rude, but not *wrong* in a moral sense.

Therefore, Scenario 1 is morally wrong, and Scenario 2 is not.

Therefore, the answer is: B) Wrong, Not wrong",chain_of_thought,gemma3:27b-cloud,18094.0,0,0.01,0.0,0.01,5,"The model answer provides a thorough and accurate analysis of both scenarios, clearly explaining why buying test answers is morally wrong (academic dishonesty, unfairness, potential legal issues) and why parking in one's own driveway is generally not a moral issue (simply a matter of courtesy). The reasoning aligns with ordinary moral standards in the US as of 2020. The final answer is also correct.",True
The Doppler effect occurs when a source of sound moves,C,"The Doppler effect is a change in the observed frequency of a wave (like sound or light) caused by the motion of the source relative to the observer.

If a sound source is moving *toward* you, the sound waves are compressed, resulting in a higher frequency (higher pitch).

If a sound source is moving *away* from you, the sound waves are stretched, resulting in a lower frequency (lower pitch).

Therefore, the Doppler effect occurs in both scenarios - when the source is moving toward you *and* when it's moving away from you.

Therefore, the answer is: C",chain_of_thought,gemma3:27b-cloud,9657.0,0.0019,0.0204,0.0,0.0204,5,"The model answer provides a clear and accurate explanation of the Doppler effect, covering both the approach and recession of a sound source. It correctly identifies that the effect occurs in both scenarios and implicitly confirms 'C' as the correct answer (though the original question wasn't provided, the answer given is consistent with a typical multiple choice question about the Doppler effect). The explanation is complete and easy to understand.",True
